file,topiq_score,topiq_face_score
dddmkaH7Cm8_segment_2_step1-0-431_step2-0-431_step4_step5_step6_1104x0832_fp,0.31102314591407776,0.42091313004493713
_zXkxPu67jQ_segment_7_step1-0-129_step2-0-95_step4_step5_step6_1760x1184_fp,0.5579527020454407,0.45410269498825073
Hez0RqildMU_segment_1_step1-0-119_step2-0-119_step4_step5_step6_1280x0720_fp,0.5302851796150208,0.5888689160346985
B9w1UNIZAlo_segment_30_step1-0-187_step2-0-187_step4_step5_step6_1280x0720_fp,0.4301830530166626,0.44910624623298645
qJB_eV0lK9s_segment_11_step1-2-207_step2-2-205_step4_step5_step6_1104x0832_fp,0.31762659549713135,0.457587867975235
sWTZ4JWODP0_segment_22_step1-0-165_step2-0-165_step4_step5_step6_1616x1280_fp,0.40213072299957275,0.6474393606185913
OERaVTHF5pU_segment_3_step1-0-263_step2-0-263_step4_step5_step6_1072x0864_fp,0.21607232093811035,0.15094339847564697
Wa2v42TOqEw_segment_1_step1-74-199_step2-74-125_step4_step5_step6_1104x0832_fp,0.470111221075058,0.6225050687789917
WRZq4i9t6tI_segment_14_step1-0-123_step2-0-123_step4_step5_step6_1280x0720_fp,0.2504615783691406,0.2905815839767456
-CfbInm7TW4_segment_30_step1-0-165_step2-0-165_step4_step5_step6_1616x1280_fp,0.254863440990448,0.41193249821662903
AX3Pg_rEFk8_segment_30_step1-0-89_step2-0-89_step4_step5_step6_1184x0784_fp,0.3876900374889374,0.342635840177536
W_IJHvI28T4_segment_16_step1-0-61_step2-0-61_step4_step5_step6_1184x0784_fp,0.2722964882850647,0.3481043577194214
jFxgOMQpdoQ_segment_7_step1-116-511_step2-116-395_step4_step5_step6_1520x0608_fp,0.3201657235622406,0.5605008006095886
ixbbZgou_NE_segment_0_step1-0-239_step2-0-239_step4_step5_step6_0960x0960_fp,0.2990522086620331,0.29567527770996094
VUYoavdw2v4_segment_16_step1-0-197_step2-0-197_step4_step5_step6_1488x0624_fp,0.27495065331459045,0.0
KXSizg4SSCw_segment_45_step1-0-71_step2-0-71_step4_step5_step6_1440x1440_fp,0.26396501064300537,0.5852097272872925
VKIiDMg8umE_segment_10_step1-0-53_step2-0-53_step4_step5_step6_1488x0624_fp,0.330096960067749,0.38253381848335266
nw56UtNAPrA_segment_15_step1-0-75_step2-0-75_step4_step5_step6_1072x0864_fp,0.25926557183265686,0.5206218957901001
qItnEuf9Bts_segment_1_step1-220-511_step2-220-291_step4_step5_step6_1104x0832_fp,0.35149621963500977,0.6079785823822021
0dxbe8JUm_c_segment_5_step1-0-103_step2-0-103_step4_step5_step6_1440x1440_fp,0.328290194272995,0.6030569672584534
Q5pCHn2-cEs_segment_8_step1-78-255_step2-78-177_step4_step5_step6_0960x0960_fp,0.2242060899734497,0.41128286719322205
U1wZ255jdrQ_segment_8_step1-0-137_step2-0-137_step4_step5_step6_1104x0832_fp,0.3497360348701477,0.3389089107513428
gE92XtxCnyg_segment_23_step1-0-95_step2-0-95_step4_step5_step6_1184x0784_fp,0.42587926983833313,0.5080379843711853
g6H-sf8WbTY_segment_24_step1-0-145_step2-0-145_step4_step5_step6_1616x1280_fp,0.32333099842071533,0.5212388634681702
jFR75mtpNZQ_segment_14_step1-0-49_step2-0-49_step4_step5_step6_0960x0960_fp,0.30270665884017944,0.4205404222011566
Ys2iI0ZAPtI_segment_23_step1-0-271_step2-0-271_step4_step5_step6_1280x0720_fp,0.4578873813152313,0.6728535890579224
B2C-kYbz8Wo_segment_62_step1-0-79_step2-0-79_step4_step5_step6_1920x1088_fp,0.38016921281814575,0.4972035884857178
UqMQCC163lA_segment_6_step1-30-149_step2-30-119_step4_step5_step6_0960x0960_fp,0.2978156805038452,0.3316428065299988
ReOsL0TCvME_segment_19_step1-0-101_step2-0-101_step4_step5_step6_1104x0832_fp,0.3167831003665924,0.5281400084495544
pxrK9OLsbsA_segment_3_step1-0-111_step2-0-111_step4_step5_step6_0960x0960_fp,0.21937191486358643,0.4166044294834137
0eENye26mQU_segment_78_step1-0-97_step2-0-97_step4_step5_step6_1184x0784_fp,0.36307716369628906,0.0
DIvSUWBxBKk_segment_23_step1-0-161_step2-0-161_step4_step5_step6_1488x0624_fp,0.4004802405834198,0.5846294164657593
t3vdN_37L7g_segment_68_step1-48-221_step2-48-173_step4_step5_step6_1104x0832_fp,0.33038848638534546,0.5136204361915588
cXQohzBM-8U_segment_25_step1-0-59_step2-0-59_step4_step5_step6_1280x0720_fp,0.325859934091568,0.2676418721675873
BAGWW3tp0OE_segment_16_step1-0-55_step2-0-55_step4_step5_step6_0960x0960_fp,0.28100329637527466,0.33509814739227295
Z__jTXmjtUY_segment_18_step1-2-57_step2-2-55_step4_step5_step6_0960x0960_fp,0.23622530698776245,0.33713728189468384
zGQUnALCw_E_segment_4_step1-0-71_step2-0-71_step4_step5_step6_1184x0784_fp,0.30037227272987366,0.3179725706577301
IHlp3NzGxjo_segment_1_step1-10-111_step2-10-101_step4_step5_step6_1440x1440_fp,0.1951066255569458,0.35570889711380005
KsGency62vY_segment_9_step1-114-511_step2-114-397_step4_step5_step6_1760x1184_fp,0.42022544145584106,0.6981937885284424
RBctiKaPV5c_segment_27_step1-0-61_step2-0-61_step4_step5_step6_1104x0832_fp,0.4703201353549957,0.4811284840106964
64BVSBWwubY_segment_12_step1-56-163_step2-56-107_step4_step5_step6_0960x0960_fp,0.17744460701942444,0.5070214867591858
pyZlxQv-SIA_segment_127_step1-0-83_step2-0-83_step4_step5_step6_1488x0624_fp,0.18071168661117554,0.35584700107574463
_jAs-QUF4Jo_segment_58_step1-0-63_step2-0-63_step4_step5_step6_1520x0608_fp,0.31877461075782776,0.34491872787475586
qIPzPioeCtA_segment_7_step1-0-95_step2-0-95_step4_step5_step6_1104x0832_fp,0.26174765825271606,0.39198189973831177
ZZzpXU1Bg5U_segment_8_step1-0-67_step2-0-67_step4_step5_step6_1184x0784_fp,0.3492032587528229,0.31940996646881104
Ba3cLwwyev4_segment_0_step1-0-51_step2-0-51_step4_step5_step6_1072x0864_fp,0.3167605698108673,0.47315463423728943
jFJKSc8pyAw_segment_10_step1-0-197_step2-0-197_step4_step5_step6_1184x0784_fp,0.281597763299942,0.31546011567115784
NKOqm8qwqJ0_segment_12_step1-0-53_step2-0-53_step4_step5_step6_0960x0960_fp,0.35033082962036133,0.6184887290000916
dcwzRTFQX3E_segment_1052_step1-0-75_step2-0-75_step4_step5_step6_1280x0720_fp,0.41890668869018555,0.49346235394477844
bCyQIW7XzFI_segment_2_step1-0-99_step2-0-99_step4_step5_step6_0960x0960_fp,0.282741516828537,0.3929986357688904
YQN-x7s6vz4_segment_11_step1-0-91_step2-0-91_step4_step5_step6_0960x0960_fp,0.3804759383201599,0.4522574841976166
VUplNmhJa6Y_segment_152_step1-0-61_step2-0-61_step4_step5_step6_1104x0832_fp,0.4551876187324524,0.21253494918346405
PP6f-ekOUW8_segment_63_step1-0-73_step2-0-73_step4_step5_step6_1104x0832_fp,0.3597818911075592,0.39306753873825073
haxMPnuFUi4_segment_64_step1-0-171_step2-0-171_step4_step5_step6_1488x0624_fp,0.2419833242893219,0.30179062485694885
z8cXAClmbdE_segment_17_step1-0-53_step2-0-53_step4_step5_step6_1520x0608_fp,0.250612735748291,0.24428892135620117
ImISroaVjSc_segment_10_step1-48-367_step2-48-319_step4_step5_step6_1664x1248_fp,0.2680162489414215,0.4402591586112976
HetzOYLyCF8_segment_14_step1-0-117_step2-0-117_step4_step5_step6_1104x0832_fp,0.21880409121513367,0.4258919358253479
eTQNomgAscc_segment_5_step1-100-511_step2-100-411_step4_step5_step6_1520x0608_fp,0.2533207833766937,0.27051326632499695
_Rnr8o4iXjU_segment_63_step1-0-81_step2-0-81_step4_step5_step6_1072x0864_fp,0.37435874342918396,0.42913976311683655
OExgiEZj6u4_segment_7_step1-8-159_step2-8-151_step4_step5_step6_1280x0720_fp,0.18318361043930054,0.4987073540687561
pxe1r7jily8_segment_138_step1-0-151_step2-0-151_step4_step5_step6_0960x0960_fp,0.28752490878105164,0.5375841856002808
zHSsLf9x_Gw_segment_5_step1-6-121_step2-6-115_step4_step5_step6_1520x0608_fp,0.24359804391860962,0.5471655130386353
ktKK6LlLFOE_segment_53_step1-0-135_step2-0-135_step4_step5_step6_1520x0608_fp,0.21867188811302185,0.4466254711151123
wdGQm4MV_LI_segment_8_step1-0-89_step2-0-89_step4_step5_step6_1104x0832_fp,0.28214678168296814,0.48196089267730713
W_j-150AWfU_segment_26_step1-0-131_step2-0-131_step4_step5_step6_1184x0784_fp,0.2747281789779663,0.21017692983150482
wwEKGOVla64_segment_4_step1-0-177_step2-0-177_step4_step5_step6_1184x0784_fp,0.41827520728111267,0.47922512888908386
_iw28CjQ0jw_segment_4_step1-0-91_step2-0-91_step4_step5_step6_1488x0624_fp,0.326315313577652,0.5129396319389343
DAN8oNdAQbA_segment_2_step1-0-61_step2-0-61_step4_step5_step6_0960x0960_fp,0.22246068716049194,0.22863177955150604
ldAiRo0PAjQ_segment_0_step1-0-201_step2-0-201_step4_step5_step6_1520x0608_fp,0.38067004084587097,0.2870432734489441
56mKJmdjuqg_segment_10_step1-0-313_step2-0-313_step4_step5_step6_1664x1248_fp,0.4380401074886322,0.5694730281829834
ha6np0kfG7A_segment_60_step1-0-125_step2-0-125_step4_step5_step6_1520x0608_fp,0.31178513169288635,0.43360063433647156
_iTwg4eKQbo_segment_4_step1-0-217_step2-0-217_step4_step5_step6_1488x0624_fp,0.38800865411758423,0.47181469202041626
bCuWsXE8EKs_segment_17_step1-0-109_step2-0-109_step4_step5_step6_1104x0832_fp,0.2532653510570526,0.40621861815452576
cMfBjHJz5Kk_segment_43_step1-0-77_step2-0-77_step4_step5_step6_1104x0832_fp,0.386367529630661,0.5352117419242859
EyR_nzPHtV8_segment_1_step1-0-51_step2-0-50_step4_step5_step6_0960x0960_fp,0.2595325708389282,0.4130050837993622
W_j-150AWfU_segment_23_step1-0-115_step2-0-115_step4_step5_step6_1280x0720_fp,0.3504468500614166,0.31298238039016724
a2nOpmklq4E_segment_21_step1-0-71_step2-0-71_step4_step5_step6_1184x0784_fp,0.32477426528930664,0.6003752946853638
PP6f-ekOUW8_segment_70_step1-0-75_step2-0-75_step4_step5_step6_1280x0720_fp,0.41878148913383484,0.36325883865356445
pSd-3Yc1N3s_segment_3_step1-4-105_step2-4-101_step4_step5_step6_1104x0832_fp,0.24706655740737915,0.4371088147163391
bCwjBUHEenQ_segment_35_step1-0-65_step2-0-65_step4_step5_step6_1520x0608_fp,0.37611058354377747,0.5257503986358643
o_jjlN24UCg_segment_8_step1-218-511_step2-218-293_step4_step5_step6_1280x0720_fp,0.3842335045337677,0.5854092240333557
-5uw1E81B9c_segment_294_step1-0-75_step2-0-75_step4_step5_step6_1920x1088_fp,0.36109843850135803,0.4862183928489685
xyiYF5p4Sjc_segment_0_step1-26-155_step2-26-129_step4_step5_step6_1920x1088_fp,0.39657285809516907,0.5341383218765259
pxe1r7jily8_segment_13_step1-94-247_step2-94-153_step4_step5_step6_1488x0624_fp,0.2376176416873932,0.40904325246810913
4VxQmUF_teg_segment_22_step1-0-67_step2-0-67_step4_step5_step6_1760x1184_fp,0.31924882531166077,0.6281918883323669
V_w-8LyKYvw_segment_8_step1-0-81_step2-0-81_step4_step5_step6_0960x0960_fp,0.25489115715026855,0.274244487285614
zHMBcHz3O1I_segment_6_step1-0-57_step2-0-57_step4_step5_step6_1280x0720_fp,0.3974953591823578,0.42489129304885864
2_gX_RfOTJ8_segment_37_step1-2-53_step2-2-51_step4_step5_step6_1488x0624_fp,0.2195437252521515,0.41454944014549255
RAwsF2H1XR0_segment_8_step1-0-111_step2-0-111_step4_step5_step6_1104x0832_fp,0.3253258764743805,0.32468223571777344
652XQSLjTcE_segment_3_step1-0-115_step2-0-115_step4_step5_step6_1280x0720_fp,0.3978663384914398,0.28694477677345276
RAdmHIIrgHU_segment_15_step1-0-53_step2-0-53_step4_step5_step6_1280x0720_fp,0.3216613829135895,0.3325805068016052
ebZ7qxFiVfs_segment_1_step1-0-67_step2-0-67_step4_step5_step6_0960x0960_fp,0.3067505955696106,0.2701992392539978
gECUFhqoULI_segment_2_step1-0-511_step2-0-511_step4_step5_step6_1280x0720_fp,0.3137565553188324,0.3607150614261627
WSLBXv207Cs_segment_3_step1-0-157_step2-0-157_step4_step5_step6_1520x0608_fp,0.24170467257499695,0.0
ImGD-o17eo8_segment_1_step1-0-83_step2-0-83_step4_step5_step6_1760x1184_fp,0.4186030626296997,0.5996255278587341
zGyAU02Fevg_segment_22_step1-0-91_step2-0-91_step4_step5_step6_1280x0720_fp,0.25095000863075256,0.3852521777153015
o_sNlhIlgqk_segment_2_step1-104-419_step2-104-315_step4_step5_step6_1072x0864_fp,0.2739979028701782,0.33129748702049255
GEssvoEfuWw_segment_80_step1-0-49_step2-0-49_step4_step5_step6_0960x0960_fp,0.2682313024997711,0.4010465741157532
4W1weWGkoIQ_segment_8_step1-0-115_step2-0-115_step4_step5_step6_1440x1440_fp,0.3025249242782593,0.4054281413555145
o_BP1O9z3ME_segment_52_step1-0-69_step2-0-69_step4_step5_step6_0960x0960_fp,0.24449396133422852,0.33657896518707275
64itQrUjDdM_segment_7_step1-86-511_step2-86-425_step4_step5_step6_1072x0864_fp,0.20811855792999268,0.4298537075519562
II10hpVuqF8_segment_8_step1-0-63_step2-0-63_step4_step5_step6_1760x1184_fp,0.4395456910133362,0.47555485367774963
eFDJP8ynt78_segment_11_step1-0-55_step2-0-55_step4_step5_step6_1184x0784_fp,0.41007736325263977,0.5062316060066223
vxngQLjBx-8_segment_4_step1-222-511_step2-222-289_step4_step5_step6_1104x0832_fp,0.3063434362411499,0.5752115249633789
U1l001TvVmc_segment_5_step1-0-65_step2-0-65_step4_step5_step6_1280x0720_fp,0.25376418232917786,0.41831883788108826
sXB4SUz0V9E_segment_9_step1-18-117_step2-18-99_step4_step5_step6_1104x0832_fp,0.2185632586479187,0.49150168895721436
DALuinjglWY_segment_26_step1-0-75_step2-0-75_step4_step5_step6_1184x0784_fp,0.4150645434856415,0.3362233340740204
U1_NfPUscoQ_segment_17_step1-0-65_step2-0-65_step4_step5_step6_1520x0608_fp,0.31225448846817017,0.2367648184299469
vy1DNREc7pw_segment_4_step1-0-69_step2-0-69_step4_step5_step6_1280x0720_fp,0.392196387052536,0.28908172249794006
hbI3u8Chz9w_segment_48_step1-0-279_step2-0-279_step4_step5_step6_1104x0832_fp,0.34878215193748474,0.3378719389438629
YqnHiL4mwjM_segment_0_step1-72-197_step2-72-125_step4_step5_step6_1184x0784_fp,0.34361112117767334,0.3846428394317627
64itQrUjDdM_segment_16_step1-0-141_step2-0-141_step4_step5_step6_1072x0864_fp,0.1800350844860077,0.5413263440132141
Eyl3qBRNJg0_segment_3_step1-0-53_step2-0-53_step4_step5_step6_1488x0624_fp,0.29797470569610596,0.5079800486564636
bC9m_id_Yds_segment_107_step1-0-59_step2-0-59_step4_step5_step6_1520x0608_fp,0.2515442371368408,0.3858232796192169
KXasrqKldVk_segment_14_step1-0-85_step2-0-85_step4_step5_step6_1440x1440_fp,0.37543734908103943,0.5003648996353149
rk4eWLFbRi0_segment_4_step1-0-195_step2-0-195_step4_step5_step6_1520x0608_fp,0.3586084544658661,0.4721907675266266
_CREg4cJ2A4_segment_27_step1-0-59_step2-0-59_step4_step5_step6_1488x0624_fp,0.40804946422576904,0.3345143795013428
_SbmhYD7TFE_segment_2_step1-0-335_step2-0-335_step4_step5_step6_1488x0624_fp,0.46253806352615356,0.45241865515708923
tvqPnoiLSV0_segment_25_step1-0-107_step2-0-107_step4_step5_step6_1488x0624_fp,0.305601567029953,0.0
srY6VTqk2h4_segment_170_step1-0-55_step2-0-55_step4_step5_step6_1520x0608_fp,0.26529401540756226,0.44843584299087524
pSn_a6WJias_segment_15_step1-0-109_step2-0-109_step4_step5_step6_1280x0720_fp,0.3692878484725952,0.309663325548172
2l2H7pnNMjM_segment_35_step1-0-429_step2-0-429_step4_step5_step6_1616x1280_fp,0.24672693014144897,0.5648514628410339
fDkWNgmKCcE_segment_7_step1-0-255_step2-0-154_step4_step5_step6_1488x0624_fp,0.3386234939098358,0.34785664081573486
DADSXXsqNl8_segment_12_step1-0-131_step2-0-131_step4_step5_step6_1488x0624_fp,0.4147016406059265,0.4123850464820862
0ddOgfsXvXM_segment_32_step1-98-299_step2-98-201_step4_step5_step6_1440x1440_fp,0.31345945596694946,0.334773451089859
U1q-sWYL9l8_segment_0_step1-0-67_step2-0-67_step4_step5_step6_1104x0832_fp,0.3195199966430664,0.37418609857559204
-CfbInm7TW4_segment_37_step1-0-151_step2-0-151_step4_step5_step6_1664x1248_fp,0.25827714800834656,0.4036029279232025
OEG-n7TGneU_segment_80_step1-0-129_step2-0-129_step4_step5_step6_1488x0624_fp,0.4011364281177521,0.5617517828941345
_igCbwBIqKc_segment_19_step1-0-73_step2-0-73_step4_step5_step6_1488x0624_fp,0.31257954239845276,0.5622718930244446
-6_g5fwq3jc_segment_6_step1-0-55_step2-0-55_step4_step5_step6_1440x1440_fp,0.32540053129196167,0.367743581533432
Wa4xjwkBODg_segment_1_step1-0-109_step2-0-109_step4_step5_step6_1184x0784_fp,0.40226444602012634,0.6342169046401978
g6GC046qHAY_segment_7_step1-0-65_step2-0-65_step4_step5_step6_1920x1088_fp,0.41136056184768677,0.4332200586795807
VV7zMl9Wo98_segment_5_step1-0-51_step2-0-50_step4_step5_step6_1280x0720_fp,0.33651894330978394,0.0
a2WuXaM6TBo_segment_5_step1-116-389_step2-116-273_step4_step5_step6_1072x0864_fp,0.3581695556640625,0.45314279198646545
HeS4xRTWdbY_segment_1_step1-0-79_step2-0-79_step4_step5_step6_1184x0784_fp,0.44685593247413635,0.29611796140670776
eac8VxGRvwQ_segment_5_step1-0-67_step2-0-67_step4_step5_step6_1520x0608_fp,0.3233025372028351,0.4226018488407135
vydmN9pzDzg_segment_3_step1-2-61_step2-2-59_step4_step5_step6_1072x0864_fp,0.15016919374465942,0.44370266795158386
RAgGhp5-_fw_segment_41_step1-0-145_step2-0-145_step4_step5_step6_1184x0784_fp,0.342865526676178,0.5008286833763123
cWWZTWUbfLk_segment_0_step1-0-97_step2-0-97_step4_step5_step6_1072x0864_fp,0.30695632100105286,0.3830309212207794
Z_6iQMLryUE_segment_6_step1-0-69_step2-0-69_step4_step5_step6_1520x0608_fp,0.33314380049705505,0.30552855134010315
ZZkezW4EQHg_segment_12_step1-0-107_step2-0-107_step4_step5_step6_1184x0784_fp,0.4038962721824646,0.3791979253292084
PPQ_S67zLiw_segment_0_step1-0-349_step2-0-349_step4_step5_step6_1488x0624_fp,0.361714631319046,0.6065441966056824
ddRB9b_aSC8_segment_114_step1-0-59_step2-0-59_step4_step5_step6_1072x0864_fp,0.3094153106212616,0.49529173970222473
cNeQDOMiQPo_segment_17_step1-0-221_step2-0-221_step4_step5_step6_1184x0784_fp,0.4423079192638397,0.40305376052856445
wv_E5UCT15U_segment_22_step1-10-81_step2-10-71_step4_step5_step6_1104x0832_fp,0.28320178389549255,0.5313702821731567
Q5IiREHOkEA_segment_22_step1-30-121_step2-30-91_step4_step5_step6_1520x0608_fp,0.26043811440467834,0.42699721455574036
U1fvhVJDGsM_segment_10_step1-0-99_step2-0-99_step4_step5_step6_1072x0864_fp,0.3356621265411377,0.2580708861351013
OEYwOWjQiz4_segment_15_step1-0-83_step2-0-83_step4_step5_step6_1104x0832_fp,0.3820892572402954,0.5712066292762756
64itQrUjDdM_segment_46_step1-0-97_step2-0-97_step4_step5_step6_1184x0784_fp,0.33335840702056885,0.5246004462242126
AXerxpOK9xk_segment_27_step1-0-57_step2-0-57_step4_step5_step6_1440x1440_fp,0.21062052249908447,0.22310130298137665
-6eVEPFJr5c_segment_192_step1-18-111_step2-18-93_step4_step5_step6_1440x1440_fp,0.3987339437007904,0.6926820874214172
9KSbKd428kE_segment_26_step1-0-257_step2-0-257_step4_step5_step6_1280x0720_fp,0.39601168036460876,0.3882450759410858
2F-TYzPIJ2w_segment_0_step1-150-403_step2-150-253_step4_step5_step6_1440x1440_fp,0.29785290360450745,0.5239438414573669
ZZdxivdCxN4_segment_11_step1-0-59_step2-0-59_step4_step5_step6_1280x0720_fp,0.3254372179508209,0.3930910527706146
8aDd_7yEaf8_segment_0_step1-120-511_step2-120-391_step4_step5_step6_1280x0720_fp,0.38901031017303467,0.5521421432495117
EyaDyJZU75M_segment_23_step1-0-177_step2-0-177_step4_step5_step6_1280x0720_fp,0.3764549493789673,0.34989723563194275
Y6ndZ4XvvKw_segment_3_step1-0-57_step2-0-57_step4_step5_step6_1488x0624_fp,0.3057931363582611,0.5378238558769226
_CbucOb9dyw_segment_5_step1-0-95_step2-0-95_step4_step5_step6_0960x0960_fp,0.28452762961387634,0.39975541830062866
nmT2PqYBKX4_segment_1_step1-0-449_step2-0-449_step4_step5_step6_1072x0864_fp,0.1846817433834076,0.34188756346702576
t40EDtEXyxk_segment_60_step1-6-81_step2-6-75_step4_step5_step6_1184x0784_fp,0.1663389801979065,0.6038698554039001
2_jojL1tsdE_segment_31_step1-0-281_step2-0-281_step4_step5_step6_1072x0864_fp,0.26073071360588074,0.30673664808273315
cWEynzL8LuI_segment_6_step1-0-51_step2-0-51_step4_step5_step6_1488x0624_fp,0.35403963923454285,0.31486183404922485
-5jTjA8oWYM_segment_19_step1-0-97_step2-0-97_step4_step5_step6_1664x1248_fp,0.3705255091190338,0.38344287872314453
KYBok-XGsKM_segment_12_step1-120-467_step2-120-347_step4_step5_step6_1920x1088_fp,0.4923642575740814,0.523675262928009
VUplNmhJa6Y_segment_25_step1-0-105_step2-0-105_step4_step5_step6_1184x0784_fp,0.3945108652114868,0.28197845816612244
zGqcaczr-Ks_segment_6_step1-0-179_step2-0-140_step4_step5_step6_1280x0720_fp,0.38717538118362427,0.4708195626735687
cWvTb-5bjFc_segment_10_step1-0-111_step2-0-111_step4_step5_step6_1488x0624_fp,0.3388443887233734,0.29351577162742615
EndxZWT_f_c_segment_21_step1-0-67_step2-0-67_step4_step5_step6_1280x0720_fp,0.342876136302948,0.38169705867767334
GEZhD3J89ZE_segment_125_step1-0-61_step2-0-61_step4_step5_step6_1488x0624_fp,0.3217696249485016,0.4670354425907135
nmYapN20MiI_segment_17_step1-0-65_step2-0-65_step4_step5_step6_1520x0608_fp,0.3667459487915039,0.280499666929245
Uq_ePJ3taLc_segment_30_step1-0-59_step2-0-59_step4_step5_step6_1280x0720_fp,0.4282348155975342,0.4803226888179779
jFR75mtpNZQ_segment_28_step1-0-109_step2-0-109_step4_step5_step6_1184x0784_fp,0.4036477208137512,0.46622350811958313
Ba3vpY2qc7I_segment_1_step1-0-117_step2-0-117_step4_step5_step6_1488x0624_fp,0.3499179184436798,0.3588659167289734
JKN7Uc5xbK8_segment_5_step1-0-93_step2-0-93_step4_step5_step6_1520x0608_fp,0.2738070487976074,0.3648622930049896
Z_SCXPNc7lQ_segment_30_step1-60-173_step2-60-113_step4_step5_step6_1488x0624_fp,0.37268832325935364,0.6235001087188721
ddRB9b_aSC8_segment_112_step1-0-67_step2-0-67_step4_step5_step6_1520x0608_fp,0.297424852848053,0.505386471748352
qAt0bT8FVYk_segment_6_step1-0-63_step2-0-63_step4_step5_step6_1440x1440_fp,0.31928110122680664,0.41662541031837463
wv_Mh9PrKZE_segment_8_step1-0-411_step2-0-411_step4_step5_step6_1184x0784_fp,0.2989291846752167,0.33040130138397217
dcwzRTFQX3E_segment_22_step1-0-75_step2-0-75_step4_step5_step6_1104x0832_fp,0.3561877906322479,0.6344847679138184
t3xpPQvMKdQ_segment_40_step1-0-93_step2-0-93_step4_step5_step6_1184x0784_fp,0.28092652559280396,0.406462699174881
zHBiM_081Nk_segment_4_step1-0-101_step2-36-101_step4_step5_step6_1072x0864_fp,0.26315683126449585,0.3964084982872009
qIj0OBgyZ0M_segment_24_step1-0-59_step2-0-59_step4_step5_step6_1072x0864_fp,0.3171095848083496,0.43715840578079224
ldGiE9hDwhg_segment_33_step1-0-57_step2-0-57_step4_step5_step6_1184x0784_fp,0.34541094303131104,0.4171554148197174
yecRSBcjzwc_segment_6_step1-0-121_step2-0-121_step4_step5_step6_1072x0864_fp,0.36154863238334656,0.545023500919342
PPI8b13Z6Po_segment_5_step1-0-91_step2-0-91_step4_step5_step6_1104x0832_fp,0.4697706997394562,0.7334502339363098
wdf70PItQnI_segment_7_step1-0-53_step2-0-53_step4_step5_step6_1184x0784_fp,0.3272114396095276,0.2672306299209595
qIU151UPOSY_segment_6_step1-0-123_step2-0-123_step4_step5_step6_1280x0720_fp,0.34576478600502014,0.32002612948417664
YQhUVwcijbc_segment_1_step1-86-221_step2-86-135_step4_step5_step6_1072x0864_fp,0.3908669054508209,0.5913509726524353
W_WbXxdc3cM_segment_20_step1-66-207_step2-66-141_step4_step5_step6_1184x0784_fp,0.3208056688308716,0.5528155565261841
EqVuGHlDZ-k_segment_39_step1-0-193_step2-0-193_step4_step5_step6_1072x0864_fp,0.2495814561843872,0.43476611375808716
OEQhpDq_WbQ_segment_12_step1-0-83_step2-0-83_step4_step5_step6_0960x0960_fp,0.3495407998561859,0.09451882541179657
-DB9Z1HUxTM_segment_10_step1-0-137_step2-0-137_step4_step5_step6_1664x1248_fp,0.19710320234298706,0.33767837285995483
-CaUzL6QLOk_segment_46_step1-0-69_step2-0-69_step4_step5_step6_1760x1184_fp,0.3325035274028778,0.4961545169353485
U1uPkafClus_segment_29_step1-0-63_step2-0-63_step4_step5_step6_1072x0864_fp,0.29501527547836304,0.3907095491886139
Z_N2YOBGvrI_segment_1_step1-106-315_step2-106-209_step4_step5_step6_1184x0784_fp,0.45720145106315613,0.4276808500289917
z7g9WsAUr3c_segment_4_step1-0-75_step2-0-75_step4_step5_step6_1184x0784_fp,0.34915944933891296,0.41896024346351624
ctptLPtyoPA_segment_2_step1-40-169_step2-40-129_step4_step5_step6_1104x0832_fp,0.3165266811847687,0.3511476516723633
U1vIa_wjC8s_segment_3_step1-0-109_step2-0-109_step4_step5_step6_1488x0624_fp,0.3949489891529083,0.465985506772995
Eq3xvYYRXjY_segment_60_step1-30-203_step2-30-173_step4_step5_step6_1520x0608_fp,0.3239022493362427,0.4466814398765564
NKi71m94GdM_segment_46_step1-0-275_step2-0-275_step4_step5_step6_1184x0784_fp,0.3667409121990204,0.5685061812400818
Z_SCXPNc7lQ_segment_24_step1-0-91_step2-0-91_step4_step5_step6_1280x0720_fp,0.42405077815055847,0.6347360610961914
lwEvw6a1fS8_segment_0_step1-0-185_step2-0-185_step4_step5_step6_1104x0832_fp,0.41559579968452454,0.40852972865104675
QJmrj1U9Ejg_segment_59_step1-36-155_step2-36-119_step4_step5_step6_1072x0864_fp,0.3548257648944855,0.6121729612350464
ddr2aTtKS2Q_segment_3_step1-0-227_step2-0-227_step4_step5_step6_1488x0624_fp,0.34391477704048157,0.40977513790130615
ddRB9b_aSC8_segment_95_step1-0-75_step2-0-75_step4_step5_step6_1488x0624_fp,0.2000630497932434,0.5510212182998657
-CfbInm7TW4_segment_5_step1-0-65_step2-0-65_step4_step5_step6_1616x1280_fp,0.3079945147037506,0.29503995180130005
InIjA4MhkUc_segment_0_step1-72-225_step2-72-153_step4_step5_step6_1760x1184_fp,0.33747169375419617,0.3640612065792084
z8_fSUc7MTw_segment_19_step1-18-209_step2-18-108_step4_step5_step6_1488x0624_fp,0.34369292855262756,0.3332512378692627
cWne64GBPrs_segment_12_step1-0-111_step2-0-111_step4_step5_step6_0960x0960_fp,0.22751593589782715,0.4889148473739624
Hf6cPt3SeNI_segment_8_step1-54-193_step2-54-139_step4_step5_step6_1280x0720_fp,0.43070316314697266,0.6405129432678223
NL4_VoX7DuQ_segment_2_step1-0-139_step2-0-139_step4_step5_step6_1184x0784_fp,0.3990533649921417,0.5179349780082703
ImoP-Apzrsg_segment_63_step1-0-73_step2-0-60_step4_step5_step6_1664x1248_fp,0.28798148036003113,0.4137645363807678
4VxIrtXd8Xc_segment_7_step1-18-155_step2-18-137_step4_step5_step6_1616x1280_fp,0.30325692892074585,0.576056957244873
InGmnZ53o-4_segment_0_step1-2-59_step2-2-57_step4_step5_step6_1072x0864_fp,0.17482256889343262,0.3925282657146454
a2RngY4rxMM_segment_3_step1-0-281_step2-0-281_step4_step5_step6_1104x0832_fp,0.44343724846839905,0.5908100008964539
a2CRjvV9CCE_segment_29_step1-0-159_step2-0-159_step4_step5_step6_1184x0784_fp,0.35517045855522156,0.5737310647964478
mbuMDFYQvuc_segment_21_step1-0-187_step2-0-187_step4_step5_step6_1488x0624_fp,0.35508763790130615,0.37059518694877625
s9UGJSmxvgQ_segment_25_step1-0-87_step2-0-87_step4_step5_step6_1280x0720_fp,0.28190767765045166,0.4107174575328827
ImKCt7BD4U4_segment_25_step1-0-71_step2-0-71_step4_step5_step6_1488x0624_fp,0.20998737215995789,0.0
zHAXCkIlUVU_segment_124_step1-0-61_step2-0-61_step4_step5_step6_1280x0720_fp,0.2937116324901581,0.4665302336215973
wvYvTsUiAsI_segment_112_step1-0-63_step2-0-63_step4_step5_step6_1280x0720_fp,0.3868783116340637,0.44643834233283997
mg0V0ARv5Jw_segment_0_step1-0-133_step2-0-133_step4_step5_step6_1488x0624_fp,0.3778352737426758,0.7162162065505981
4VyMFJ1qABo_segment_52_step1-0-63_step2-0-63_step4_step5_step6_1664x1248_fp,0.42203229665756226,0.5477850437164307
EyyUvyOpZHo_segment_17_step1-0-93_step2-0-93_step4_step5_step6_1072x0864_fp,0.2561120390892029,0.6457765698432922
t6ydD-NIFMQ_segment_14_step1-0-137_step2-0-137_step4_step5_step6_1072x0864_fp,0.31842485070228577,0.39274510741233826
B_z7Pg9KAWE_segment_27_step1-34-201_step2-34-167_step4_step5_step6_1520x0608_fp,0.4463483989238739,0.5671656727790833
GEssvoEfuWw_segment_20_step1-0-177_step2-0-177_step4_step5_step6_1520x0608_fp,0.3434053361415863,0.30952394008636475
VUKcesMkIPU_segment_53_step1-0-57_step2-0-57_step4_step5_step6_1488x0624_fp,0.39386481046676636,0.5535870790481567
Y7-m9Rn-nd8_segment_7_step1-0-193_step2-0-193_step4_step5_step6_1488x0624_fp,0.3438514471054077,0.5315471887588501
BaJpZw8qKi8_segment_5_step1-0-99_step2-0-99_step4_step5_step6_0960x0960_fp,0.34334370493888855,0.45624658465385437
W_ipkdYXXO4_segment_23_step1-0-51_step2-0-51_step4_step5_step6_1072x0864_fp,0.28123778104782104,0.3423764109611511
a2UapK4sk5I_segment_30_step1-8-65_step2-8-57_step4_step5_step6_0960x0960_fp,0.42125168442726135,0.42359739542007446
kt2xpFVv2fw_segment_2_step1-20-143_step2-20-123_step4_step5_step6_1104x0832_fp,0.4001062512397766,0.43225663900375366
Eyz8T3BYKJE_segment_31_step1-0-173_step2-0-173_step4_step5_step6_1280x0720_fp,0.2593931257724762,0.0
WRX2zi-J288_segment_1_step1-0-63_step2-0-63_step4_step5_step6_1488x0624_fp,0.35386136174201965,0.5195605158805847
UqDi1TDnY9o_segment_35_step1-0-83_step2-0-83_step4_step5_step6_0592x0880_fp,0.31954121589660645,0.4645445942878723
KXxUQCQY2O4_segment_21_step1-0-57_step2-0-57_step4_step5_step6_1616x1280_fp,0.2936360239982605,0.45950427651405334
srhCZDMfUuI_segment_1_step1-0-91_step2-0-91_step4_step5_step6_1520x0608_fp,0.3579334318637848,0.5354726314544678
9Nxdn1L4N7Q_segment_24_step1-0-69_step2-0-69_step4_step5_step6_1520x0608_fp,0.21859973669052124,0.35268786549568176
B1UEvBiGD14_segment_0_step1-0-137_step2-0-137_step4_step5_step6_1920x1088_fp,0.42713287472724915,0.6797080636024475
mfrBYKd_qAs_segment_12_step1-0-69_step2-0-69_step4_step5_step6_1488x0624_fp,0.36137595772743225,0.39105668663978577
Y7JmW4s9wOQ_segment_40_step1-0-61_step2-0-61_step4_step5_step6_1488x0624_fp,0.3556060791015625,0.392258882522583
_CL5h5GRqNg_segment_5_step1-0-55_step2-0-55_step4_step5_step6_1488x0624_fp,0.2747655212879181,0.46518412232398987
Z_SCXPNc7lQ_segment_35_step1-0-121_step2-0-121_step4_step5_step6_1280x0720_fp,0.4232805669307709,0.6366627812385559
cX6eqDTvLuU_segment_0_step1-0-199_step2-0-199_step4_step5_step6_1280x0720_fp,0.40945711731910706,0.45843103528022766
0daUmKOocg0_segment_25_step1-0-87_step2-0-87_step4_step5_step6_1760x1184_fp,0.36598581075668335,0.33689257502555847
VXQkzgQhmm4_segment_0_step1-124-359_step2-124-235_step4_step5_step6_1280x0720_fp,0.40797021985054016,0.7057455778121948
wduZHtRbSkY_segment_9_step1-0-51_step2-0-51_step4_step5_step6_1184x0784_fp,0.2762601971626282,0.35113564133644104
wd3lorXUEQI_segment_6_step1-0-49_step2-0-49_step4_step5_step6_1280x0720_fp,0.39908191561698914,0.5155607461929321
-CIdlYlE1g0_segment_27_step1-34-129_step2-34-95_step4_step5_step6_1760x1184_fp,0.35052987933158875,0.36614561080932617
ldGe_qdFC6A_segment_8_step1-0-71_step2-0-61_step4_step5_step6_0960x0960_fp,0.2757267355918884,0.24845050275325775
WRTaj7jxwhg_segment_58_step1-0-59_step2-0-59_step4_step5_step6_1520x0608_fp,0.23516789078712463,0.44575944542884827
BG4Kiyry1F0_segment_83_step1-0-101_step2-0-101_step4_step5_step6_0544x0960_fp,0.288127601146698,0.3725884258747101
YQNp6zHXMAo_segment_16_step1-0-109_step2-0-109_step4_step5_step6_1072x0864_fp,0.29218122363090515,0.430484801530838
srj94JCeuWw_segment_25_step1-0-85_step2-0-85_step4_step5_step6_1184x0784_fp,0.35534536838531494,0.3209489583969116
Zs9-QfTPG7o_segment_13_step1-0-91_step2-0-91_step4_step5_step6_1760x1184_fp,0.2838656008243561,0.4636384844779968
cMiLCC5-hds_segment_3_step1-62-177_step2-62-115_step4_step5_step6_1104x0832_fp,0.4359486997127533,0.35384392738342285
Yrc3lamwWdY_segment_71_step1-6-103_step2-6-97_step4_step5_step6_1184x0784_fp,0.2766070067882538,0.34233468770980835
B_4y09FsyFc_segment_28_step1-0-51_step2-0-51_step4_step5_step6_1072x0864_fp,0.24347391724586487,0.3914155662059784
sXI6HBgISb4_segment_52_step1-0-67_step2-0-67_step4_step5_step6_1072x0864_fp,0.14655649662017822,0.3352574110031128
VKpQgEyjNdM_segment_11_step1-0-65_step2-0-65_step4_step5_step6_0960x0960_fp,0.2309110164642334,0.536836564540863
KXxUQCQY2O4_segment_25_step1-0-51_step2-0-51_step4_step5_step6_1760x1184_fp,0.3325745761394501,0.5225129127502441
A1YJYYXOTUo_segment_89_step1-0-111_step2-0-111_step4_step5_step6_1072x0864_fp,0.404333233833313,0.6019482612609863
2licsa1Zc-s_segment_2_step1-0-511_step2-0-511_step4_step5_step6_1920x1088_fp,0.469966858625412,0.4845848083496094
haE_4tOZ8HM_segment_1_step1-0-73_step2-0-73_step4_step5_step6_1488x0624_fp,0.3192332088947296,0.37336674332618713
Z_SCXPNc7lQ_segment_9_step1-0-83_step2-0-83_step4_step5_step6_1072x0864_fp,0.3973754644393921,0.6430696249008179
Y76np2QDN4g_segment_36_step1-0-95_step2-0-95_step4_step5_step6_1488x0624_fp,0.2834623157978058,0.3847772777080536
OEt5dH_GVnY_segment_212_step1-0-133_step2-0-133_step4_step5_step6_1520x0608_fp,0.4401695728302002,0.0
U1T3fO772Ic_segment_8_step1-0-105_step2-0-105_step4_step5_step6_1104x0832_fp,0.3786369860172272,0.5373455882072449
ZZpnM6uGpeg_segment_1_step1-0-57_step2-0-57_step4_step5_step6_0960x0960_fp,0.29554006457328796,0.45651060342788696
VUrU3bkjGKA_segment_24_step1-0-99_step2-0-99_step4_step5_step6_1104x0832_fp,0.4607703685760498,0.0
642ATzwFUic_segment_38_step1-0-73_step2-0-73_step4_step5_step6_0960x0960_fp,0.3287545442581177,0.5032432675361633
ImnexW8Fbuw_segment_4_step1-0-173_step2-0-173_step4_step5_step6_1520x0608_fp,0.3078865110874176,0.380205363035202
s9O7FvQoVt0_segment_48_step1-0-119_step2-0-119_step4_step5_step6_1520x0608_fp,0.2928881049156189,0.4237406253814697
hb0EGNVtFLc_segment_2_step1-0-59_step2-0-59_step4_step5_step6_0960x0960_fp,0.2811562716960907,0.4582872688770294
-6FOX6KSZcA_segment_9_step1-0-49_step2-0-49_step4_step5_step6_1440x1440_fp,0.3418882191181183,0.5299199819564819
_SJRVcwsAy8_segment_24_step1-0-143_step2-0-143_step4_step5_step6_0960x0960_fp,0.27263933420181274,0.28633880615234375
RBctiKaPV5c_segment_28_step1-0-63_step2-0-63_step4_step5_step6_1184x0784_fp,0.40467992424964905,0.6663793325424194
57R74-wmMJU_segment_6_step1-0-91_step2-0-91_step4_step5_step6_1520x0608_fp,0.32715463638305664,0.3982769846916199
Z_SCXPNc7lQ_segment_7_step1-0-75_step2-0-75_step4_step5_step6_1184x0784_fp,0.4285658299922943,0.5925527215003967
wdliuG7OhNA_segment_15_step1-0-75_step2-0-75_step4_step5_step6_0960x0960_fp,0.276856005191803,0.4014550447463989
-CfbInm7TW4_segment_15_step1-0-79_step2-0-79_step4_step5_step6_1920x1088_fp,0.35075467824935913,0.3156648278236389
AXltNkY6VYo_segment_224_step1-10-135_step2-10-89_step4_step5_step6_1616x1280_fp,0.4478421211242676,0.34984636306762695
YPwPJHltZgs_segment_1_step1-86-251_step2-86-165_step4_step5_step6_1520x0608_fp,0.20750239491462708,0.47362759709358215
cX6eqDTvLuU_segment_12_step1-18-199_step2-18-181_step4_step5_step6_1104x0832_fp,0.3806668519973755,0.5129558444023132
o_heK5EVB4U_segment_24_step1-0-61_step2-0-59_step4_step5_step6_1104x0832_fp,0.22555020451545715,0.0
2FOLtAd-oAU_segment_20_step1-0-53_step2-0-53_step4_step5_step6_1664x1248_fp,0.32701003551483154,0.57447350025177
cMiLCC5-hds_segment_18_step1-0-51_step2-0-51_step4_step5_step6_1520x0608_fp,0.3565787672996521,0.22579625248908997
g6NsUXcTBEE_segment_13_step1-0-185_step2-0-185_step4_step5_step6_1104x0832_fp,0.33824285864830017,0.4062131941318512
JLFYgvJ7Anw_segment_13_step1-0-371_step2-0-371_step4_step5_step6_1104x0832_fp,0.298138827085495,0.3112792670726776
bC9m_id_Yds_segment_12_step1-0-99_step2-0-99_step4_step5_step6_1184x0784_fp,0.2919265925884247,0.4125698208808899
mbxcVR-L9qQ_segment_7_step1-0-113_step2-0-113_step4_step5_step6_1488x0624_fp,0.2091066539287567,0.24697919189929962
8a3dt-weDUo_segment_1_step1-0-53_step2-0-53_step4_step5_step6_1104x0832_fp,0.3395354449748993,0.4124508798122406
WRgv4V1ZxN4_segment_37_step1-0-67_step2-0-67_step4_step5_step6_1280x0720_fp,0.3840232193470001,0.589612603187561
yeBjOpCIWgQ_segment_17_step1-0-77_step2-0-77_step4_step5_step6_1520x0608_fp,0.34003615379333496,0.28500932455062866
ELlguAdMsBY_segment_1_step1-0-105_step2-0-105_step4_step5_step6_1184x0784_fp,0.3848402798175812,0.32601478695869446
kt8KV3qfAUc_segment_19_step1-6-69_step2-6-63_step4_step5_step6_0960x0960_fp,0.18448799848556519,0.4082357883453369
-6eVEPFJr5c_segment_11_step1-0-103_step2-0-103_step4_step5_step6_1616x1280_fp,0.22727921605110168,0.558620035648346
gE-JIr6UVtw_segment_44_step1-0-65_step2-0-65_step4_step5_step6_1072x0864_fp,0.3161642849445343,0.3464019000530243
Z_9fYge03S0_segment_10_step1-0-95_step2-0-95_step4_step5_step6_1520x0608_fp,0.3165886700153351,0.31848499178886414
RBFuVn6y_UI_segment_4_step1-0-67_step2-0-67_step4_step5_step6_0960x0960_fp,0.29141494631767273,0.4195631146430969
o_qaSrikATk_segment_1_step1-0-109_step2-0-109_step4_step5_step6_0960x0960_fp,0.19132950901985168,0.37634167075157166
OukRIyN5frQ_segment_0_step1-12-89_step2-12-77_step4_step5_step6_1184x0784_fp,0.4215962588787079,0.2707526385784149
A1UIxpnys_Y_segment_1_step1-0-91_step2-0-91_step4_step5_step6_1664x1248_fp,0.3148740530014038,0.3135235607624054
cMdjAKn_uXw_segment_7_step1-0-67_step2-0-67_step4_step5_step6_1104x0832_fp,0.25781530141830444,0.4031482934951782
jFhhXoz9x8E_segment_37_step1-0-63_step2-0-63_step4_step5_step6_1520x0608_fp,0.3784473240375519,0.5626546144485474
Y6uBnzU5ebE_segment_11_step1-0-51_step2-0-51_step4_step5_step6_1104x0832_fp,0.2610969543457031,0.42873048782348633
wvbJpIAx3ic_segment_1_step1-0-117_step2-0-117_step4_step5_step6_1184x0784_fp,0.22956955432891846,0.34283360838890076
Ftem1fHjSJs_segment_4_step1-0-73_step2-0-73_step4_step5_step6_0960x0960_fp,0.37221667170524597,0.2980998158454895
z7U_gPuWY8o_segment_4_step1-0-111_step2-0-86_step4_step5_step6_1280x0720_fp,0.3552771806716919,0.28965649008750916
AXioG00-BA4_segment_0_step1-2-71_step2-2-69_step4_step5_step6_1920x1088_fp,0.41956627368927,0.6119953989982605
tvXfgdyQxPQ_segment_12_step1-0-79_step2-0-79_step4_step5_step6_0960x0960_fp,0.35829034447669983,0.5033437013626099
hbI3u8Chz9w_segment_31_step1-0-63_step2-0-63_step4_step5_step6_1520x0608_fp,0.34512415528297424,0.5075713992118835
z7Kxq_5IlxA_segment_10_step1-8-149_step2-8-141_step4_step5_step6_1104x0832_fp,0.36614659428596497,0.43023955821990967
t3xpPQvMKdQ_segment_38_step1-0-51_step2-0-51_step4_step5_step6_1520x0608_fp,0.307098388671875,0.28466561436653137
t3vdN_37L7g_segment_41_step1-0-61_step2-0-61_step4_step5_step6_0960x0960_fp,0.2802145481109619,0.45582786202430725
sWrqyQWfhrs_segment_71_step1-0-141_step2-0-141_step4_step5_step6_1520x1216_fp,0.29820796847343445,0.35528111457824707
VVJEgHdYy-g_segment_13_step1-0-103_step2-0-103_step4_step5_step6_1104x0832_fp,0.29008227586746216,0.35697096586227417
InDrAcT73oA_segment_0_step1-96-287_step2-96-191_step4_step5_step6_1616x1280_fp,0.4269356429576874,0.36630579829216003
642ATzwFUic_segment_29_step1-0-63_step2-0-63_step4_step5_step6_1488x0624_fp,0.3562793433666229,0.5927033424377441
0d_ZCuqjI14_segment_8_step1-0-101_step2-0-101_step4_step5_step6_1184x0784_fp,0.47279882431030273,0.43540483713150024
g74wAHTkNJc_segment_11_step1-0-89_step2-0-89_step4_step5_step6_1072x0864_fp,0.3656404912471771,0.41952818632125854
qJ0MWF3uQyI_segment_13_step1-0-83_step2-0-83_step4_step5_step6_0960x0960_fp,0.39983537793159485,0.7265326380729675
mbuMDFYQvuc_segment_54_step1-228-511_step2-228-283_step4_step5_step6_1280x0720_fp,0.36942294239997864,0.3693068027496338
a2n9gE5J_-8_segment_2_step1-0-95_step2-0-95_step4_step5_step6_1184x0784_fp,0.4356591999530792,0.35370153188705444
9KHifGz0ojs_segment_5_step1-0-407_step2-0-407_step4_step5_step6_1488x0624_fp,0.3434937000274658,0.34509894251823425
qJMn35H6GuY_segment_28_step1-0-59_step2-0-59_step4_step5_step6_1072x0864_fp,0.3495956063270569,0.48983827233314514
-5hEttbr7u0_segment_28_step1-0-71_step2-0-71_step4_step5_step6_1664x1248_fp,0.2780250608921051,0.38992467522621155
qJJ5wBGJaVA_segment_17_step1-4-71_step2-4-67_step4_step5_step6_1184x0784_fp,0.16929775476455688,0.0
QKQP1l-GrWk_segment_16_step1-0-107_step2-0-107_step4_step5_step6_1104x0832_fp,0.34617626667022705,0.5388796329498291
QK2JodePNqY_segment_63_step1-2-77_step2-2-75_step4_step5_step6_1280x0720_fp,0.31138715147972107,0.2758971154689789
g6ikK0b8xiY_segment_1_step1-0-301_step2-0-301_step4_step5_step6_1488x0624_fp,0.34429043531417847,0.332546591758728
B_cE7WEW5gM_segment_11_step1-0-53_step2-0-53_step4_step5_step6_1104x0832_fp,0.19374585151672363,0.46657422184944153
JMYph5mkphs_segment_14_step1-0-65_step2-0-65_step4_step5_step6_1072x0864_fp,0.39968961477279663,0.38287925720214844
s8zBcFdg2rg_segment_16_step1-0-71_step2-0-71_step4_step5_step6_0960x0960_fp,0.24086827039718628,0.3253522217273712
mbuMDFYQvuc_segment_219_step1-0-511_step2-0-511_step4_step5_step6_1104x0832_fp,0.1981293261051178,0.29862961173057556
abw2RSk-1KE_segment_86_step1-0-69_step2-0-69_step4_step5_step6_1920x1088_fp,0.2426731288433075,0.3272099494934082
qJTNSWJWxyE_segment_9_step1-0-219_step2-0-219_step4_step5_step6_1104x0832_fp,0.3379022181034088,0.44221681356430054
GEZhD3J89ZE_segment_435_step1-0-89_step2-0-89_step4_step5_step6_1104x0832_fp,0.31236720085144043,0.5680591464042664
A1ofRc32_wk_segment_17_step1-0-103_step2-0-103_step4_step5_step6_1104x0832_fp,0.3272625207901001,0.30731892585754395
AJTsgfL5Y-Y_segment_67_step1-0-81_step2-0-81_step4_step5_step6_1280x0720_fp,0.33752110600471497,0.43456363677978516
srj94JCeuWw_segment_40_step1-0-51_step2-0-51_step4_step5_step6_1072x0864_fp,0.26878875494003296,0.0
nhCHf6m5KGI_segment_11_step1-0-49_step2-0-49_step4_step5_step6_1184x0784_fp,0.3805525302886963,0.39962175488471985
4W15-nuYRSk_segment_55_step1-0-55_step2-0-55_step4_step5_step6_1440x1440_fp,0.2778540849685669,0.0
Z_1xx91luIg_segment_43_step1-0-71_step2-0-71_step4_step5_step6_1072x0864_fp,0.32344725728034973,0.4229600131511688
8aEcq5OA3jY_segment_5_step1-0-63_step2-0-63_step4_step5_step6_0960x0960_fp,0.3033672273159027,0.5382735133171082
i2fDOO7tiLo_segment_46_step1-0-157_step2-0-157_step4_step5_step6_0960x0960_fp,0.3495301306247711,0.44007113575935364
wvXXKn0iRwg_segment_3_step1-0-101_step2-0-101_step4_step5_step6_1072x0864_fp,0.32595911622047424,0.4381289482116699
9O2n5PdifbY_segment_0_step1-0-129_step2-0-129_step4_step5_step6_1280x0720_fp,0.4144151508808136,0.4113611876964569
GFMXTCz5jLY_segment_27_step1-0-295_step2-0-295_step4_step5_step6_1488x0624_fp,0.33079439401626587,0.31883636116981506
KXf35BzTP6o_segment_114_step1-0-95_step2-0-95_step4_step5_step6_1440x1440_fp,0.15573468804359436,0.5470530986785889
NL0zTBcCBK0_segment_44_step1-84-339_step2-84-255_step4_step5_step6_1488x0624_fp,0.22377589344978333,0.0
pxe1r7jily8_segment_108_step1-0-87_step2-0-87_step4_step5_step6_0960x0960_fp,0.27270272374153137,0.3966371715068817
OK2dZRoWKkI_segment_150_step1-0-259_step2-0-259_step4_step5_step6_1760x1184_fp,0.31654658913612366,0.3789127469062805
Y6YdYr1WUgM_segment_11_step1-0-117_step2-0-117_step4_step5_step6_1280x0720_fp,0.40125998854637146,0.580514669418335
ye7-iuiZ6aY_segment_22_step1-0-97_step2-0-97_step4_step5_step6_1488x0624_fp,0.4534817636013031,0.5747634172439575
EneOC712xyk_segment_8_step1-0-185_step2-0-185_step4_step5_step6_1072x0864_fp,0.3477044403553009,0.23548701405525208
YrbelM_KB1g_segment_15_step1-0-61_step2-0-61_step4_step5_step6_1184x0784_fp,0.3511198163032532,0.41962406039237976
pT8StnWOP7I_segment_5_step1-0-57_step2-0-57_step4_step5_step6_1280x0720_fp,0.2940804660320282,0.36131173372268677
hiuNFhUoxBI_segment_27_step1-0-83_step2-0-83_step4_step5_step6_1104x0832_fp,0.32723966240882874,0.4888172447681427
xyk9fZYU22k_segment_7_step1-0-121_step2-0-121_step4_step5_step6_1616x1280_fp,0.2604638636112213,0.5549986362457275
WROm_81Lc-Y_segment_39_step1-0-127_step2-0-127_step4_step5_step6_1104x0832_fp,0.3318057060241699,0.617925763130188
-5btJXXBKyk_segment_2_step1-0-93_step2-0-93_step4_step5_step6_1184x0784_fp,0.32253754138946533,0.34346818923950195
RBJsG5zAebU_segment_48_step1-0-53_step2-0-53_step4_step5_step6_0960x0960_fp,0.1928771734237671,0.32527709007263184
DIbBIr7CSTY_segment_0_step1-0-119_step2-0-119_step4_step5_step6_1072x0864_fp,0.4001220762729645,0.48223891854286194
A1cynMbJdgw_segment_5_step1-0-109_step2-0-109_step4_step5_step6_1520x0608_fp,0.2878715693950653,0.44906336069107056
bCaC2WqmaIk_segment_31_step1-0-65_step2-0-65_step4_step5_step6_1488x0624_fp,0.35403430461883545,0.4906873106956482
GF5K0Cguowk_segment_32_step1-0-73_step2-0-73_step4_step5_step6_1104x0832_fp,0.38187772035598755,0.3428577482700348
63yE8BrrACM_segment_6_step1-0-61_step2-0-61_step4_step5_step6_1520x0608_fp,0.26538321375846863,0.48723748326301575
hb3Vr1tso9o_segment_6_step1-0-67_step2-0-67_step4_step5_step6_1520x0608_fp,0.30596381425857544,0.5190377235412598
0deTQJeU1hc_segment_22_step1-0-75_step2-0-75_step4_step5_step6_1760x1184_fp,0.4087179899215698,0.4036388099193573
PP6f-ekOUW8_segment_19_step1-0-65_step2-0-65_step4_step5_step6_1280x0720_fp,0.39987051486968994,0.5583229064941406
BvXCjoqbw7w_segment_14_step1-0-79_step2-0-79_step4_step5_step6_1520x0608_fp,0.35681983828544617,0.38204970955848694
JMXEWs1wkzA_segment_23_step1-0-265_step2-0-265_step4_step5_step6_1488x0624_fp,0.31007492542266846,0.41798198223114014
Q5jEOamZxwo_segment_0_step1-0-211_step2-0-211_step4_step5_step6_1104x0832_fp,0.4250470697879791,0.4729540944099426
RBT9ZDbwbb4_segment_7_step1-0-87_step2-0-87_step4_step5_step6_1184x0784_fp,0.34643736481666565,0.4183463156223297
WROm_81Lc-Y_segment_0_step1-0-203_step2-0-203_step4_step5_step6_1280x0720_fp,0.4173704981803894,0.5322068333625793
UrGWcDzFr5c_segment_3_step1-0-87_step2-0-87_step4_step5_step6_1520x0608_fp,0.3459165692329407,0.5741176605224609
AXNGS6Vbx2U_segment_10_step1-0-95_step2-0-95_step4_step5_step6_1440x1440_fp,0.31235578656196594,0.5073743462562561
B_AH7Gc-i-U_segment_19_step1-0-53_step2-0-53_step4_step5_step6_1104x0832_fp,0.31002432107925415,0.4381876289844513
z6zUnthZ9LQ_segment_12_step1-0-121_step2-0-121_step4_step5_step6_1280x0720_fp,0.33464792370796204,0.332030326128006
tuv3R5uYm8s_segment_7_step1-0-161_step2-0-161_step4_step5_step6_1072x0864_fp,0.37022364139556885,0.6578617691993713
GEYNnaUy9M0_segment_250_step1-0-93_step2-0-93_step4_step5_step6_0960x0960_fp,0.19464591145515442,0.5203791856765747
cXQUObfBXYk_segment_0_step1-0-201_step2-0-201_step4_step5_step6_1184x0784_fp,0.28025108575820923,0.37064459919929504
ctV8DShXiAo_segment_19_step1-0-111_step2-0-111_step4_step5_step6_1280x0720_fp,0.42417463660240173,0.44297271966934204
QJs2CRWYsBw_segment_54_step1-0-113_step2-0-113_step4_step5_step6_1104x0832_fp,0.20921102166175842,0.38377824425697327
B_z7Pg9KAWE_segment_32_step1-20-151_step2-20-131_step4_step5_step6_1072x0864_fp,0.44361722469329834,0.5416641235351562
B_B3WZyUQS4_segment_50_step1-0-59_step2-0-57_step4_step5_step6_0960x0960_fp,0.24613025784492493,0.0
WiWSghlRlqY_segment_0_step1-0-63_step2-0-63_step4_step5_step6_1520x0608_fp,0.2998247742652893,0.5362563729286194
qJ--GDy52ns_segment_18_step1-0-109_step2-0-109_step4_step5_step6_1184x0784_fp,0.37008169293403625,0.5370214581489563
JKTBDHqfrOs_segment_185_step1-0-63_step2-0-63_step4_step5_step6_1520x0608_fp,0.30450841784477234,0.34996694326400757
hbI3u8Chz9w_segment_44_step1-0-49_step2-0-49_step4_step5_step6_0960x0960_fp,0.262796014547348,0.4102226793766022
acxdiEN0Vgw_segment_36_step1-8-101_step2-8-93_step4_step5_step6_1184x0784_fp,0.26584234833717346,0.3246382772922516
pSn_a6WJias_segment_35_step1-0-115_step2-0-115_step4_step5_step6_1280x0720_fp,0.3901830017566681,0.2904353439807892
g7-6OCmIDzI_segment_8_step1-0-189_step2-0-189_step4_step5_step6_1280x0720_fp,0.4415341019630432,0.30487260222435
dcwzRTFQX3E_segment_1134_step1-0-63_step2-0-63_step4_step5_step6_1072x0864_fp,0.31430894136428833,0.49095577001571655
VKN1uYS21ok_segment_48_step1-0-51_step2-0-51_step4_step5_step6_0960x0960_fp,0.16141089797019958,0.2805725634098053
ddPnVvRz3F8_segment_23_step1-0-357_step2-0-357_step4_step5_step6_1280x0720_fp,0.36939334869384766,0.3999171555042267
wvdlCPYSefc_segment_1_step1-0-57_step2-0-57_step4_step5_step6_1104x0832_fp,0.340857595205307,0.28188562393188477
Wa3HwpfF2VQ_segment_24_step1-0-243_step2-0-243_step4_step5_step6_1520x0608_fp,0.26442059874534607,0.36709752678871155
W_6ou5Mu6j8_segment_35_step1-0-369_step2-0-369_step4_step5_step6_1072x0864_fp,0.31679868698120117,0.37447962164878845
i2b-H6PrwsA_segment_38_step1-0-65_step2-0-65_step4_step5_step6_1664x1248_fp,0.3651082217693329,0.3769955635070801
py-kC0uPVS4_segment_115_step1-0-85_step2-0-85_step4_step5_step6_1280x0720_fp,0.401469886302948,0.0
pxe1r7jily8_segment_70_step1-0-139_step2-0-139_step4_step5_step6_1280x0720_fp,0.3350566625595093,0.4836876392364502
RBJsG5zAebU_segment_53_step1-0-61_step2-0-61_step4_step5_step6_1184x0784_fp,0.351827472448349,0.3720889687538147
4Vp_dvwWqWw_segment_36_step1-0-71_step2-0-71_step4_step5_step6_1616x1280_fp,0.30567216873168945,0.3504422903060913
0eKdNcP4xrM_segment_6_step1-0-55_step2-0-55_step4_step5_step6_1104x0832_fp,0.3053611218929291,0.570084810256958
U1fvhVJDGsM_segment_13_step1-0-93_step2-0-93_step4_step5_step6_1184x0784_fp,0.3921806216239929,0.5040054321289062
_Ca5VkKQ5fE_segment_13_step1-0-95_step2-0-95_step4_step5_step6_1520x0608_fp,0.37409356236457825,0.5135524868965149
VULtkcGm29Q_segment_22_step1-38-125_step2-38-87_step4_step5_step6_1488x0624_fp,0.34144502878189087,0.582769513130188
g6WOua-PYw4_segment_10_step1-2-263_step2-2-261_step4_step5_step6_1104x0832_fp,0.36319369077682495,0.45339369773864746
B_bseKkpRi4_segment_43_step1-0-113_step2-0-113_step4_step5_step6_1520x0608_fp,0.28203850984573364,0.4589676856994629
wvo82dGy33c_segment_1_step1-0-61_step2-0-61_step4_step5_step6_1104x0832_fp,0.297664076089859,0.3151562511920929
JKJ-Vw1PK2Y_segment_14_step1-0-105_step2-0-105_step4_step5_step6_1488x0624_fp,0.329590380191803,0.22692617774009705
tvJXpMijmwE_segment_92_step1-0-65_step2-0-65_step4_step5_step6_1488x0624_fp,0.3111414611339569,0.5041977763175964
hbKmflCpl6E_segment_21_step1-0-185_step2-0-185_step4_step5_step6_1488x0624_fp,0.3261652886867523,0.6562162041664124
InFtMpW0zcA_segment_9_step1-0-63_step2-0-63_step4_step5_step6_1760x1184_fp,0.27737313508987427,0.3051855266094208
W_OqKLUhwJ0_segment_17_step1-0-161_step2-0-161_step4_step5_step6_1488x0624_fp,0.4067166745662689,0.39121532440185547
3hEe2DwdG_M_segment_86_step1-0-101_step2-0-101_step4_step5_step6_1072x0864_fp,0.25919511914253235,0.3501136898994446
Ftgruqa-2gc_segment_28_step1-0-193_step2-0-193_step4_step5_step6_1520x0608_fp,0.2675982713699341,0.48977312445640564
a2n9gE5J_-8_segment_15_step1-0-107_step2-0-107_step4_step5_step6_1184x0784_fp,0.4409277141094208,0.37095949053764343
ebW5Vqgx2R4_segment_23_step1-0-71_step2-0-71_step4_step5_step6_1072x0864_fp,0.3476022779941559,0.4800983667373657
4Wgjg6Pspdo_segment_10_step1-0-161_step2-0-161_step4_step5_step6_1072x0864_fp,0.33982983231544495,0.4536453187465668
IHuvoEAFlV4_segment_5_step1-44-251_step2-44-207_step4_step5_step6_1664x1248_fp,0.3640095293521881,0.464724600315094
BaiamL72Rmo_segment_5_step1-102-271_step2-102-169_step4_step5_step6_1072x0864_fp,0.34227481484413147,0.6474113464355469
sWUO0uvgA04_segment_7_step1-0-121_step2-0-121_step4_step5_step6_1104x0832_fp,0.29527562856674194,0.30682373046875
B_pFS_1NRKc_segment_37_step1-0-73_step2-0-73_step4_step5_step6_1072x0864_fp,0.3295709490776062,0.3128722608089447
Q6AYI9e-j-Q_segment_24_step1-0-97_step2-0-97_step4_step5_step6_1184x0784_fp,0.2956109046936035,0.6129450798034668
fDbnYMh7V5s_segment_7_step1-0-95_step2-0-95_step4_step5_step6_1104x0832_fp,0.3872828781604767,0.40384554862976074
W_svOV5OENk_segment_18_step1-0-129_step2-0-129_step4_step5_step6_1184x0784_fp,0.41376233100891113,0.4765925705432892
pxe1r7jily8_segment_127_step1-14-205_step2-14-191_step4_step5_step6_1104x0832_fp,0.31847134232521057,0.3950008451938629
tv9AdZzN6YI_segment_26_step1-20-145_step2-20-96_step4_step5_step6_1104x0832_fp,0.3090152144432068,0.28696709871292114
2l20S_UT2Mg_segment_21_step1-0-53_step2-0-53_step4_step5_step6_1440x1440_fp,0.3091186285018921,0.6946921944618225
JMmhSluqyws_segment_21_step1-0-51_step2-0-51_step4_step5_step6_1184x0784_fp,0.27589255571365356,0.3719365894794464
63pogF_ZiQk_segment_16_step1-0-143_step2-0-143_step4_step5_step6_0960x0960_fp,0.30819040536880493,0.6120123863220215
qJCUBMFsdZM_segment_36_step1-0-59_step2-0-59_step4_step5_step6_1072x0864_fp,0.33048686385154724,0.6499360799789429
vy1DNREc7pw_segment_8_step1-0-67_step2-0-67_step4_step5_step6_1072x0864_fp,0.33624592423439026,0.36663633584976196
YQ1YNjV7IY8_segment_20_step1-0-49_step2-0-49_step4_step5_step6_1488x0624_fp,0.3676343858242035,0.3638135492801666
nmhrAbl5Js0_segment_16_step1-0-169_step2-0-169_step4_step5_step6_1104x0832_fp,0.25922897458076477,0.34602484107017517
OEyjYzM2cS0_segment_5_step1-0-55_step2-0-55_step4_step5_step6_1104x0832_fp,0.2890404760837555,0.47645556926727295
pxe1r7jily8_segment_38_step1-0-65_step2-0-65_step4_step5_step6_0960x0960_fp,0.21616336703300476,0.5140223503112793
